Workbook
Name countryNameRange: [1]hiddenSheetForSFC!$A$1:$A$249
Name New: [1]New!$A$1:$A$4

Sheet Hoja3
A1: 39635 | B1: 215 70 R15 COOPER COBRA RAD G/T 97T (P) | C1: 56 | D1: AUCOP | E1: 1886.34 | F1: 1720.74 | G1: 1675.58
A2: HFLTBR25 | B2: 285/75 R24.5 DIRECCION (16) HH111 HIFLY | C2: 0 | D2: CAMHI | E2: 0 | F2: 0 | G2: 0
A3: 1054 | B3: 195 45 R15 78W YOKOHAMA S DRIVE AS01 | C3: 0 | D3: OFERP | E3: 1542.62 | F3: 1542.62 | G3: 1542.62
A4: 12050050 | B4: BOBINAS FORRAJERA DE 40 KG 2000 MTS C-15 | C4: 402 | D4: BOBIN | E4: 1078.68 | F4: 1078.68 | G4: 1078.68
A5: 3111850000 | B5: 185 65 R15 CONTINENTAL POWERCONTAC 2 88H | C5: 0 | D5: AUCON | E5: 1412.13 | F5: 1288.16 | G5: 1254.35
A6: 3112170000 | B6: 205 60 R16 CONTINENTAL POWERCONTACT 92H | C6: 0 | D6: AUCON | E6: 1959.69 | F6: 1787.65 | G6: 1740.73
A7: 3135140000 | B7: 195 65 R15 CONTINENTAL ULTRACONTAC 91H | C7: 192 | D7: AUCON | E7: 1591.18 | F7: 1451.5 | G7: 1413.4
A8: 3135180000 | B8: 195 55 R16 CONTINENTAL ULTRACONTAC 87V | C8: 114 | D8: AUCON | E8: 1974.67 | F8: 1801.31 | G8: 1754.03
A9: 3135220000 | B9: 215 55 R17 CONTINENTAL ULTRACONTACT 94V | C9: 0 | D9: OFERT | E9: 1780.62 | F9: 1780.62 | G9: 1780.62
A10: 3139810000 | B10: 225 45 R17 CONTINENTAL EXTREMECONT SPORT 91W | C10: 37 | D10: OFERT | E10: 1816.24 | F10: 1816.24 | G10: 1816.24
A11: 3506970000 | B11: 205 70 R16 CONTINENTAL PREMIUM CON2 97H | C11: 75 | D11: AUCON | E11: 2982.1 | F11: 2720.3 | G11: 2648.9
A12: 3526920000 | B12: 205 55 R16 91V CONTINENTAL PREMCONTACT 2 | C12: 0 | D12: AUCON | E12: 1624.99 | F12: 1482.33 | G12: 1443.43
A13: 3589240009 | B13: 195 65 R15 CONTINENTAL PREMIUMCONT 6 91H | C13: 78 | D13: AUCON | E13: 1745.93 | F13: 1592.66 | G13: 1550.85
A14: 3589250000 | B14: 205 55 R16 CONTINENTAL PREMICONTACT6 91V | C14: 42 | D14: AUCON | E14: 1697.91 | F14: 1548.86 | G14: 1508.2
... A58: 10000891 | B58: 11.00-20 CONVENCIONAL TORNEL T2900 | C58: 0 | D58: CAMOR | E58: 6412.04 | F58: 6247.35 | G58: 6027.76
A59: 100016BPH209A | B59: 10.00-16 F2 BROADPEAK H209A (10) AGRO | C59: 8 | D59: INBRO | E59: 2832.56 | F59: 2720.65 | G59: 2608.73
A60: 100016FRQH621 | B60: 10.00-16 F2 FORERUNNER QH621 (10) AGRO | C60: 30 | D60: AGERU | E60: 2234.32 | F60: 2146.04 | G60: 2057.76
A61: 100016FRQH622 | B61: 10.00-16 F2 AGRO FORERUNNER QH622 (10) | C61: 0 | D61: AGERU | E61: 2343.83 | F61: 2251.22 | G61: 2158.62
A62: 100016FRQH622SIN | B62: 10.00-16 F2 FORERUNNER 622 AGRO (10) | C62: 0 | D62: AGERU | E62: 2336.85 | F62: 2244.52 | G62: 2152.19
A63: 100065220 | B63: 185 60 R15 TORNEL DIRECCIONAL 84S | C63: 30 | D63: AUTOR | E63: 1137.61 | F63: 1037.74 | G63: 1010.5
A64: 100085450 | B64: 215 70 R15 TORNEL ASTRAL 97H | C64: 3 | D64: AUTOR | E64: 1509.86 | F64: 1377.31 | G64: 1341.16
A65: 10024160 | B65: 7.00-14 TORNEL(8) LT S/C T1300 | C65: 4 | D65: AUTOR | E65: 1752.56 | F65: 1598.71 | G65: 1556.75
A66: 10024170 | B66: 7.00-14 TORNEL (8) M/T S/C | C66: 0 | D66: AUTOR | E66: 1745.32 | F66: 1592.1 | G66: 1550.31
A67: 10025130 | B67: 7.00-15 T1300 S/C(6) TORNEL | C67: 14 | D67: AUTOR | E67: 2181.47 | F67: 1989.96 | G67: 1937.73
A68: 10025132 | B68: 7.00-15 TORNEL AMERICA MT(6) S/C | C68: 23 | D68: AUTOR | E68: 2254.78 | F68: 2056.83 | G68: 2002.85
A69: 10025140 | B69: 7.00-15 (6) TRAC 1700 CONVENCIONA TORNEL | C69: 0 | D69: CAMOR | E69: 0 | F69: 0 | G69: 0
A70: 10025150 | B70: 7.00-15 TORNEL T305 S/C CAMIONETA (6) | C70: 0 | D70: AUTOR | E70: 2020.3 | F70: 1842.94 | G70: 1794.57
A71: 10026290 | B71: 7.50-16 T1700 TORNEL(8) | C71: 0 | D71: OFERT | E71: 1860.21 | F71: 1860.21 | G71: 1860.21
A72: 10026300 | B72: 7.50-16 TORNEL 8 T305 S/C CAMIONETA(8) | C72: 0 | D72: AUTOR | E72: 2156.73 | F72: 1967.39 | G72: 1915.76
A73: 10026310 | B73: 7.50-16 TORNEL T-1300 S/C CAMIONETA(10) | C73: 0 | D73: AUTOR | E73: 2759.67 | F73: 2517.4 | G73: 2451.33
A74: 10026311 | B74: 7.50-16 TORNEL 1300 CAMIONETA (10) | C74: 0 | D74: AUTOR | E74: 2762.57 | F74: 2520.05 | G74: 2453.9
A75: 10026DD1 | B75: 7.50-16 TORNEL 14 T305 C/C CAMIONETA14) | C75: 0 | D75: AUTOR | E75: 1890.09 | F75: 1724.16 | G75: 1678.91
A76: 10027312 | B76: 7.50-17 TORNEL T1300 S/C CAMIONETA (10) | C76: 0 | D76: AUTOR | E76: 2891.04 | F76: 2637.24 | G76: 2568.02
A77: 10027321 | B77: 7.50-17 TRAC TORNEL CAMIONETA (10) | C77: 0 | D77: AUTOR | E77: 3011.29 | F77: 2746.93 | G77: 2674.83
A78: 10027331 | B78: 7.50-17 TORNEL JET TRAK MX C/C (10) | C78: 0 | D78: AUTOR | E78: 3354.39 | F78: 3059.91 | G78: 2979.6
A79: 10034389 | B79: 205 70 R14 TORNEL AT09 LN 97Q | C79: 35 | D79: AUTOR | E79: 1597.57 | F79: 1457.32 | G79: 1419.07
A80: 10035605 | B80: 235 75 R15 TORNEL AT-09 LB 104/101Q | C80: 0 | D80: OFERT | E80: 1796.22 | F80: 1796.22 | G80: 1796.22
A81: 10035607 | B81: 235 75 R15 TORNEL AT-09 LN 104/101Q | C81: 0 | D81: AUTOR | E81: 2106.8 | F81: 1921.85 | G81: 1871.41
A82: 10035863 | B82: 31X10.50 R15 TORNEL AT-09 109Q LT LN | C82: 4 | D82: AUTOR | E82: 2572.7 | F82: 2346.84 | G82: 2285.25
A83: 10036593 | B83: 235 70 R16 TORNEL AT09 LN 104/101Q | C83: 46 | D83: AUTOR | E83: 2298.55 | F83: 2096.76 | G83: 2041.73
A84: 10036679 | B84: 245 75 R16 TORNEL AT09 LN 108/104Q | C84: 2 | D84: AUTOR | E84: 2370.79 | F84: 2162.66 | G84: 2105.89
A85: 10036859 | B85: 265 75 R16 TORNEL AT-09 LN 112/109Q LT | C85: 40 | D85: OFTRE | E85: 2501.03 | F85: 2440.33 | G85: 2372.89
A86: 100515 | B86: 31X10.50 R15 GOODYEAR WRANGLER 109S AT/S | C86: 0 | D86: AUGOO | E86: 2975.87 | F86: 2714.62 | G86: 2643.37
A87: 10053360 | B87: 205 60 R13 TORNEL AMERICA SELECTA 86S | C87: 0 | D87: AUTOR | E87: 1085.12 | F87: 989.86 | G87: 963.88
... A106: 10094310 | B106: 195 70 R14 TORNEL AMERICA AT909 90S | C106: 0 | D106: AUTOR | E106: 971.41 | F106: 886.13 | G106: 862.87
A107: 10094310T | B107: 195 70 R14 TORNEL AMERICA AT909 90T | C107: 1 | D107: OFERT | E107: 846.56 | F107: 846.56 | G107: 846.56
A108: 10094380 | B108: 205 70 R14 TORNEL AMERICA AT909 93S | C108: 0 | D108: AUTOR | E108: 1233.67 | F108: 1125.37 | G108: 1095.83
A109: 10120100 | B109: 11R24.5 MIXTA FIRESTONE T819 (16) | C109: 2 | D109: OFERP | E109: 7359.46 | F109: 7359.46 | G109: 7359.46
A110: 101202 | B110: 31X10.50 R15 GOODYEAR WRL 109S LT ADVENT | C110: 0 | D110: AUGOO | E110: 3015.55 | F110: 2750.82 | G110: 2678.62
A111: 101343 | B111: 275 55 R20 GOODYEAR EAGLE LS 111S | C111: 0 | D111: AUGOO | E111: 3606.92 | F111: 3290.27 | G111: 3203.91
A112: 1014138 | B112: 255 65 R16 HANKOOK RA33 H | C112: 0 | D112: OFERP | E112: 1600.2 | F112: 1600.2 | G112: 1600.2
A113: 1014140 | B113: 265 65 R17 HANKOOK RA33 | C113: 0 | D113: OFERT | E113: 2568.91 | F113: 2568.91 | G113: 2568.91
A114: 1014150 | B114: 255 60 R17 HANKOOK RA33 V | C114: 0 | D114: OFERP | E114: 1960.22 | F114: 1960.22 | G114: 1960.22
A115: 1015263 | B115: 235 65 R18 HANKOOK RA33 H | C115: 0 | D115: OFERP | E115: 1909.21 | F115: 1909.21 | G115: 1909.21
A116: 10165FRSKS1 | B116: 10-16.5 IND FORERUNNER SKS-1 (10) | C116: 0 | D116: INERU | E116: 1655.15 | F116: 1589.75 | G116: 1524.36
A117: 1016778 | B117: 225 55 R16 LAUFENN LH41 V | C117: 1 | D117: OFERP | E117: 822.63 | F117: 822.63 | G117: 822.63
A118: 104209 | B118: 31X10.50 R15 GOODYEAR WRAN 109S ADVENT | C118: 0 | D118: AUGOO | E118: 2828.02 | F118: 2579.75 | G118: 2512.04
A119: 104793 | B119: 205 55 R16 GOODYEAR EFFICIENT PERFOR 91V | C119: 0 | D119: AUGOO | E119: 1581.02 | F119: 1442.22 | G119: 1404.37
A120: 106846 | B120: 185 65 R14 GOODYEAR ASSURANCE 86T | C120: 0 | D120: OFERT | E120: 1190.39 | F120: 1190.39 | G120: 1190.39
A121: 106855 | B121: 185 65 R15 GOODYEAR ASSURANCE 88T | C121: 94 | D121: AUGOO | E121: 1399.67 | F121: 1276.79 | G121: 1243.28
A122: 107473 | B122: 245 75 R16 GOODYEAR WRANGL ARM 114/111S | C122: 0 | D122: OFERT | E122: 2622.63 | F122: 2622.63 | G122: 2622.63
A123: 107629 | B123: 225 45 R17 GOODYEAR EFF GRI PERFORMA 94W | C123: 0 | D123: AUGOO | E123: 2853.24 | F123: 2602.75 | G123: 2534.44
A124: 10770003 | B124: 31X10.50 R15 FIRESTONE RD 109S LT ATX LB | C124: 0 | D124: AUONE | E124: 3141.62 | F124: 2865.82 | G124: 2790.6
A125: 108357 | B125: 235 75 R15 GOODYEAR WRANGLER ARMORT 109S | C125: 0 | D125: AUGOO | E125: 2811.5 | F125: 2564.68 | G125: 2497.37
A126: 108595 | B126: 31X10.50 R15 GOODYEAR WRAN 109S ADVEN AT | C126: 0 | D126: AUGOO | E126: 2755.25 | F126: 2513.37 | G126: 2447.4
A127: 10871003 | B127: 215 75 R14 BRIDGESTONE M773 101R LT | C127: 0 | D127: OFERT | E127: 2361.12 | F127: 2361.12 | G127: 2361.12
A128: 108722 | B128: 225 65 R17 GOODYEAR ASSU ALL-SEASON 102T | C128: 0 | D128: AUGOO | E128: 2073.72 | F128: 1891.67 | G128: 1842.02
... A139: 109941 | B139: 235 55 R18 GOODYEAR ASSURAN FINESSE 100H | C139: 0 | D139: AUGOO | E139: 2479.96 | F139: 2262.25 | G139: 2202.87
A140: 10A53103 | B140: 165 70 R13 TORNEL REAL | C140: 0 | D140: AUTOR | E140: 716.76 | F140: 653.84 | G140: 636.68
A141: 10A54163 | B141: 175 65 R14 TORNEL REAL 81T | C141: 0 | D141: AUTOR | E141: 962.3 | F141: 877.82 | G141: 854.78
A142: 10A5416Z | B142: 175 65 R14 TORNEL REAL 81H | C142: 12 | D142: AUTOR | E142: 1011.9 | F142: 923.07 | G142: 898.84
A143: 10A54173 | B143: 175 70 R14 TORNEL REAL 84H | C143: 9 | D143: AUTOR | E143: 1070.17 | F143: 976.22 | G143: 950.6
A144: 10A54223 | B144: 185 60 R14 TORNEL REAL 82H | C144: 42 | D144: AUTOR | E144: 1081.73 | F144: 986.77 | G144: 960.87
A145: 10A54233 | B145: 185 65 R14 TORNEL REAL 85H | C145: 53 | D145: AUTOR | E145: 1122.68 | F145: 1024.12 | G145: 997.24
A146: 10A55233 | B146: 185 65 R15 TORNEL REAL 86H | C146: 3 | D146: AUTOR | E146: 1207.89 | F146: 1101.85 | G146: 1072.93
A147: 10A55293 | B147: 195 60 R15 TORNEL REAL 87H | C147: 68 | D147: AUTOR | E147: 1197.81 | F147: 1092.65 | G147: 1063.97
A148: 10A55303 | B148: 195 65 R15 TORNEL REAL 86V | C148: 46 | D148: AUTOR | E148: 1293.04 | F148: 1179.52 | G148: 1148.57
A149: 10A55343 | B149: 195 50 R15 TORNEL REAL 81V | C149: 190 | D149: AUTOR | E149: 1217.54 | F149: 1110.66 | G149: 1081.51
A150: 10A55353 | B150: 195 55 R15 TORNEL REAL 84V | C150: 71 | D150: AUTOR | E150: 1197.91 | F150: 1092.74 | G150: 1064.06
A151: 10A55370 | B151: 205 65 R15 TORNEL REAL 92V | C151: 0 | D151: AUTOR | E151: 1159.02 | F151: 1057.27 | G151: 1029.52
... A165: 110016FRQH621 | B165: 11.00-16 F-2 FORERUNNER QH621 AGRO (12) | C165: 0 | D165: AGERU | E165: 2607.19 | F165: 2504.18 | G165: 2401.17
A166: 110325 | B166: 185 65 R14 GOODYEAR ASSURAN MAXLIFE 86H | C166: 116 | D166: AUGOO | E166: 1483.13 | F166: 1352.93 | G166: 1317.42
A167: 110373 | B167: 175 70 R14 GOODYEAR ASSURANCE MAXLIF 88T | C167: 0 | D167: OFERT | E167: 1111.11 | F167: 1111.11 | G167: 1111.11
A168: 110438 | B168: 205 55 R16 DUNLOP SPORT BLURESPONSE 91W | C168: 0 | D168: AUDUN | E168: 1312.1 | F168: 1196.91 | G168: 1165.5
A169: 110523 | B169: 175 70 R13 GOODYEAR ASSURANCE MAXLIF 82T | C169: 141 | D169: AUGOO | E169: 1117.02 | F169: 1018.96 | G169: 992.22
A170: 110529 | B170: 185 60 R14 GOODYEAR ASSURAN MAXLIFE 82H | C170: 46 | D170: AUGOO | E170: 1415 | F170: 1290.78 | G170: 1256.9
A171: 110540 | B171: 185 70 R13 GOODYEAR ASSURANCE MAXLIF 86T | C171: 322 | D171: AUGOO | E171: 1383.62 | F171: 1262.15 | G171: 1229.03
A172: 110764 | B172: 185 60 R15 GOODYEAR DIRECT SPORT 88H XL | C172: 0 | D172: OFERT | E172: 1552.7 | F172: 1552.7 | G172: 1552.7
A173: 110903 | B173: 185 60 R14 GOODYEAR EFFICIENTGR PERF 82H | C173: 0 | D173: AUGOO | E173: 1416.09 | F173: 1291.77 | G173: 1257.87
A174: 111032 | B174: 185 60 R15 GOODYEAR DP-V1 84T | C174: 32 | D174: AUGOO | E174: 1559.93 | F174: 1422.98 | G174: 1385.63
A175: 111272 | B175: 215 55 R17 GOODYEAR ASSURAN FINESSE 94H | C175: 70 | D175: AUGOO | E175: 2562.27 | F175: 2337.33 | G175: 2275.98
A176: 111381 | B176: 235 75 R15 GOODYEAR WORKHORSE AT 109S | C176: 185 | D176: AUGOO | E176: 2701.34 | F176: 2464.19 | G176: 2399.52
A177: 111506 | B177: 265 70 R17 GOODYEAR WORKHORSE AT 118S LT | C177: 25 | D177: AUGOO | E177: 3152.7 | F177: 2875.92 | G177: 2800.44
A178: 111587 | B178: 235 55 R20 GOODYEAR ASSURAN MAXLIFE 102V | C178: 0 | D178: OFERT | E178: 2319.92 | F178: 2319.92 | G178: 2319.92
A179: 1115BPH661 | B179: 11L15 F3 BROADPEAK H661 IND (12) | C179: 28 | D179: INBRO | E179: 1852.41 | F179: 1779.22 | G179: 1706.03
A180: 1115BPH663 | B180: 11L15 I-1 BROADPEAK H663 (12) AGRO | C180: 36 | D180: AGBRO | E180: 1572.86 | F180: 1510.71 | G180: 1448.57
A181: 1115FRQH631 | B181: 11L-15 FORERUNNER QH631 (10) F3 AGRO | C181: 0 | D181: AGERU | E181: 1530.27 | F181: 1469.81 | G181: 1409.35
A182: 111602 | B182: 205 55 R17 GOODYEAR TERRITORY HT 91V | C182: 96 | D182: AUGOO | E182: 1919.61 | F182: 1751.09 | G182: 1705.13
A183: 1116BPH661 | B183: 11L-16 F3 BROADPEAK H661 (12) IND | C183: 16 | D183: INBRO | E183: 1937.69 | F183: 1861.13 | G183: 1784.57
A184: 1116BPSKS1 | B184: 11L-16 IND BROADPEAK SKS-1 (12) | C184: 48 | D184: INBRO | E184: 1697.45 | F184: 1630.39 | G184: 1563.32
...

Sheet Hoja1
F4: =NOW() -> 46267.398
A5: CLAVE | B5: DESCRIPCCIÓN | C5: PIEZAS | D5: CENTRAL | E5: MACRO | F5: ALMACEN DE SALIDA
A6: TR1426-001861
A7: 1757013TORTBO | B7: =IFERROR( VLOOKUP(A7,Hoja3!A:G,2,0),"0") -> 175 70 R13 TORNEL TURBO 82T | C7: 30 | D7: =IFERROR(VLOOKUP(A7,CENTRAL!A:G,3,0),0) -> 4678 | E7: =IFERROR(VLOOKUP(A7,MACRO!A:K,3,0),0) -> 0 | F7: CENTRAL
A8: 1855515BHHH11VT | B8: =IFERROR( VLOOKUP(A8,Hoja3!A:G,2,0),"0") -> 185 55 R15 BLACKHAWK HH11 VT 82V | C8: 8 | D8: =IFERROR(VLOOKUP(A8,CENTRAL!A:G,3,0),0) -> 264 | E8: =IFERROR(VLOOKUP(A8,MACRO!A:K,3,0),0) -> 765 | F8: CENTRAL
A9: 1856015BHHU71VT | B9: =IFERROR( VLOOKUP(A9,Hoja3!A:G,2,0),"0") -> 185 60 R15 BLACKHAWK HU71 VT 84H | C9: 4 | D9: =IFERROR(VLOOKUP(A9,CENTRAL!A:G,3,0),0) -> 5309 | E9: =IFERROR(VLOOKUP(A9,MACRO!A:K,3,0),0) -> 0 | F9: CENTRAL
A10: 1856514BHHH11VT | B10: =IFERROR( VLOOKUP(A10,Hoja3!A:G,2,0),"0") -> 185 65 R14 BLACKHAWK HH11 VT 86H | C10: 6 | D10: =IFERROR(VLOOKUP(A10,CENTRAL!A:G,3,0),0) -> 441 | E10: =IFERROR(VLOOKUP(A10,MACRO!A:K,3,0),0) -> 2443 | F10: CENTRAL
A11: 1956515BHHH11VT | B11: =IFERROR( VLOOKUP(A11,Hoja3!A:G,2,0),"0") -> 195 65 R15 BLACKHAWK HH11 VT 91H | C11: 2 | D11: =IFERROR(VLOOKUP(A11,CENTRAL!A:G,3,0),0) -> 58 | E11: =IFERROR(VLOOKUP(A11,MACRO!A:K,3,0),0) -> 1496 | F11: CENTRAL
A12: 1957014MEMR166 | B12: =IFERROR( VLOOKUP(A12,Hoja3!A:G,2,0),"0") -> 195 70 R14 MIRAGE MR-166 91H | C12: 4 | D12: =IFERROR(VLOOKUP(A12,CENTRAL!A:G,3,0),0) -> 327 | E12: =IFERROR(VLOOKUP(A12,MACRO!A:K,3,0),0) -> 352 | F12: CENTRAL
A13: 2055516BHHU01VT | B13: =IFERROR( VLOOKUP(A13,Hoja3!A:G,2,0),"0") -> 205 55 R16 BLACKHAWK HU01 VT 91W | C13: 10 | D13: =IFERROR(VLOOKUP(A13,CENTRAL!A:G,3,0),0) -> 589 | E13: =IFERROR(VLOOKUP(A13,MACRO!A:K,3,0),0) -> 493 | F13: CENTRAL
A14: 2056515BHHH11VT | B14: =IFERROR( VLOOKUP(A14,Hoja3!A:G,2,0),"0") -> 205 65 R15 BLACKHAWK HH11 VT 94H | C14: 6 | D14: =IFERROR(VLOOKUP(A14,CENTRAL!A:G,3,0),0) -> 280 | E14: =IFERROR(VLOOKUP(A14,MACRO!A:K,3,0),0) -> 507 | F14: CENTRAL
A15: 2057014BHHH01VT | B15: =IFERROR( VLOOKUP(A15,Hoja3!A:G,2,0),"0") -> 205 70 R14 BLACKHAWK HH01 VT 98T XL | C15: 4 | D15: =IFERROR(VLOOKUP(A15,CENTRAL!A:G,3,0),0) -> 705 | E15: =IFERROR(VLOOKUP(A15,MACRO!A:K,3,0),0) -> 1339 | F15: CENTRAL
A16: 115849 | B16: =IFERROR( VLOOKUP(A16,Hoja3!A:G,2,0),"0") -> 205 70 R16 COOPER EVOLUTION SPORT 97H | C16: 2 | D16: =IFERROR(VLOOKUP(A16,CENTRAL!A:G,3,0),0) -> 118 | E16: =IFERROR(VLOOKUP(A16,MACRO!A:K,3,0),0) -> 0 | F16: CENTRAL
A17: 2155516BHHU01VT | B17: =IFERROR( VLOOKUP(A17,Hoja3!A:G,2,0),"0") -> 215 55 R16 BLACKHAWK HU01 VT 97W XL | C17: 4 | D17: =IFERROR(VLOOKUP(A17,CENTRAL!A:G,3,0),0) -> 259 | E17: =IFERROR(VLOOKUP(A17,MACRO!A:K,3,0),0) -> 88 | F17: CENTRAL
A18: 2157015BHHH11VT | B18: =IFERROR( VLOOKUP(A18,Hoja3!A:G,2,0),"0") -> 215 70 R15 BLACKHAWK HH11 VT 98T | C18: 2 | D18: =IFERROR(VLOOKUP(A18,CENTRAL!A:G,3,0),0) -> 305 | E18: =IFERROR(VLOOKUP(A18,MACRO!A:K,3,0),0) -> 1632 | F18: CENTRAL
A19: 39635 | B19: =IFERROR( VLOOKUP(A19,Hoja3!A:G,2,0),"0") -> 215 70 R15 COOPER COBRA RAD G/T 97T (P) | C19: 4 | D19: =IFERROR(VLOOKUP(A19,CENTRAL!A:G,3,0),0) -> 91 | E19: =IFERROR(VLOOKUP(A19,MACRO!A:K,3,0),0) -> 0 | F19: CENTRAL
A20: 2157016BHAGILIVT | B20: =IFERROR( VLOOKUP(A20,Hoja3!A:G,2,0),"0") -> 215 70 R16 BLACKHAWK AGILITY SUV VT 100H | C20: 4 | D20: =IFERROR(VLOOKUP(A20,CENTRAL!A:G,3,0),0) -> 474 | E20: =IFERROR(VLOOKUP(A20,MACRO!A:K,3,0),0) -> 523 | F20: CENTRAL
A21: 2157016BHRIDGATV | B21: =IFERROR( VLOOKUP(A21,Hoja3!A:G,2,0),"0") -> 215 70 R16 BLACKHAWK RIDGE AT VT LB 100S | C21: 4 | D21: =IFERROR(VLOOKUP(A21,CENTRAL!A:G,3,0),0) -> 160 | E21: =IFERROR(VLOOKUP(A21,MACRO!A:K,3,0),0) -> 188 | F21: CENTRAL
A22: 2254518BHHU01VT | B22: =IFERROR( VLOOKUP(A22,Hoja3!A:G,2,0),"0") -> 225 45 R18 BLACKHAWK HU01 VT 95W XL | C22: 3 | D22: =IFERROR(VLOOKUP(A22,CENTRAL!A:G,3,0),0) -> 359 | E22: =IFERROR(VLOOKUP(A22,MACRO!A:K,3,0),0) -> 449 | F22: CENTRAL
A23: 2256017BHHT01VT | B23: =IFERROR( VLOOKUP(A23,Hoja3!A:G,2,0),"0") -> 225 60 R17 BLACKHAWK HISC HT01 VT 99H | C23: 6 | D23: =IFERROR(VLOOKUP(A23,CENTRAL!A:G,3,0),0) -> 135 | E23: =IFERROR(VLOOKUP(A23,MACRO!A:K,3,0),0) -> 339 | F23: CENTRAL
A24: 2256018BHAGILITY | B24: =IFERROR( VLOOKUP(A24,Hoja3!A:G,2,0),"0") -> 225 60 R18 BLACKHAWK AGILITY SUV VT 100H | C24: 4 | D24: =IFERROR(VLOOKUP(A24,CENTRAL!A:G,3,0),0) -> 101 | E24: =IFERROR(VLOOKUP(A24,MACRO!A:K,3,0),0) -> 443 | F24: CENTRAL
A25: 2354518BHHH11VT | B25: =IFERROR( VLOOKUP(A25,Hoja3!A:G,2,0),"0") -> 235 45 R18 BLACKHAWK HH11 VT 94V | C25: 6 | D25: =IFERROR(VLOOKUP(A25,CENTRAL!A:G,3,0),0) -> 229 | E25: =IFERROR(VLOOKUP(A25,MACRO!A:K,3,0),0) -> 550 | F25: CENTRAL
A26: 2355517BHAGILIVT | B26: =IFERROR( VLOOKUP(A26,Hoja3!A:G,2,0),"0") -> 235 55 R17 BLACKHAWK AGILITY SUV VT 99V | C26: 4 | D26: =IFERROR(VLOOKUP(A26,CENTRAL!A:G,3,0),0) -> 66 | E26: =IFERROR(VLOOKUP(A26,MACRO!A:K,3,0),0) -> 579 | F26: CENTRAL
A27: 2355519MEMRHP172 | B27: =IFERROR( VLOOKUP(A27,Hoja3!A:G,2,0),"0") -> 235 55 R19 MIRAGE MR-HP172 105V XL | C27: 4 | D27: =IFERROR(VLOOKUP(A27,CENTRAL!A:G,3,0),0) -> 27 | E27: =IFERROR(VLOOKUP(A27,MACRO!A:K,3,0),0) -> 42 | F27: CENTRAL
A28: 2357515KMO | B28: =IFERROR( VLOOKUP(A28,Hoja3!A:G,2,0),"0") -> 235 75 R15 KUMHO AT52 109T | C28: 2 | D28: =IFERROR(VLOOKUP(A28,CENTRAL!A:G,3,0),0) -> 66 | E28: =IFERROR(VLOOKUP(A28,MACRO!A:K,3,0),0) -> 0 | F28: CENTRAL
A29: 2457016BHHT01VT | B29: =IFERROR( VLOOKUP(A29,Hoja3!A:G,2,0),"0") -> 245 70 R16 BLACKHAWK HT01 VT 107S | C29: 4 | D29: =IFERROR(VLOOKUP(A29,CENTRAL!A:G,3,0),0) -> 42 | E29: =IFERROR(VLOOKUP(A29,MACRO!A:K,3,0),0) -> 327 | F29: CENTRAL
A30: 9036500 | B30: =IFERROR( VLOOKUP(A30,Hoja3!A:G,2,0),"0") -> 245 70 R16 COOPER EVOLUTION ATT 107T | C30: 6 | D30: =IFERROR(VLOOKUP(A30,CENTRAL!A:G,3,0),0) -> 80 | E30: =IFERROR(VLOOKUP(A30,MACRO!A:K,3,0),0) -> 0 | F30: CENTRAL
A31: 39602 | B31: =IFERROR( VLOOKUP(A31,Hoja3!A:G,2,0),"0") -> 295 50 R15 COOPER COBRA RAD G/T 105S (P) | C31: 2 | D31: =IFERROR(VLOOKUP(A31,CENTRAL!A:G,3,0),0) -> 38 | E31: =IFERROR(VLOOKUP(A31,MACRO!A:K,3,0),0) -> 0 | F31: CENTRAL
A32: 2955015TDIRASP90 | B32: =IFERROR( VLOOKUP(A32,Hoja3!A:G,2,0),"0") -> 295 50 R15 TDI TIRES RAUFFAN SP 900 105S | C32: 4 | D32: =IFERROR(VLOOKUP(A32,CENTRAL!A:G,3,0),0) -> 310 | E32: =IFERROR(VLOOKUP(A32,MACRO!A:K,3,0),0) -> 1641 | F32: CENTRAL
A33: 3054522GRROADFAS | B33: =IFERROR( VLOOKUP(A33,Hoja3!A:G,2,0),"0") -> 305 45 R22 GUTEROAD ROAD FASX 118W XL | C33: 4 | D33: =IFERROR(VLOOKUP(A33,CENTRAL!A:G,3,0),0) -> 144 | E33: =IFERROR(VLOOKUP(A33,MACRO!A:K,3,0),0) -> 0 | F33: CENTRAL
A34: 3312520MEMRMT172 | B34: =IFERROR( VLOOKUP(A34,Hoja3!A:G,2,0),"0") -> 33X12.50 R20 MIRAGE MR-MT172 114Q LT | C34: 4 | D34: =IFERROR(VLOOKUP(A34,CENTRAL!A:G,3,0),0) -> 71 | E34: =IFERROR(VLOOKUP(A34,MACRO!A:K,3,0),0) -> 151 | F34: CENTRAL
A35: TR1426-001862
A36: 1656014MEMR166 | B36: =IFERROR( VLOOKUP(A36,Hoja3!A:G,2,0),"0") -> 165 60 R14 MIRAGE MR-166 75H | C36: 18 | D36: =IFERROR(VLOOKUP(A36,CENTRAL!A:G,3,0),0) -> 1 | E36: =IFERROR(VLOOKUP(A36,MACRO!A:K,3,0),0) -> 52 | F36: MACRO
A37: 1756015BHHH11VT | B37: =IFERROR( VLOOKUP(A37,Hoja3!A:G,2,0),"0") -> 175 60 R15 BLACKHAW HH11 VT 81H | C37: 10 | D37: =IFERROR(VLOOKUP(A37,CENTRAL!A:G,3,0),0) -> 526 | E37: =IFERROR(VLOOKUP(A37,MACRO!A:K,3,0),0) -> 999 | F37: MACRO
A38: 1756514MEMR166 | B38: =IFERROR( VLOOKUP(A38,Hoja3!A:G,2,0),"0") -> 175 65 R14 MIRAGE MR-166 82H | C38: 20 | D38: =IFERROR(VLOOKUP(A38,CENTRAL!A:G,3,0),0) -> 0 | E38: =IFERROR(VLOOKUP(A38,MACRO!A:K,3,0),0) -> 699 | F38: MACRO
A39: 1757013MEMR166 | B39: =IFERROR( VLOOKUP(A39,Hoja3!A:G,2,0),"0") -> 175 70 R13 MIRAGE MR-166 82H | C39: 50 | D39: =IFERROR(VLOOKUP(A39,CENTRAL!A:G,3,0),0) -> 0 | E39: =IFERROR(VLOOKUP(A39,MACRO!A:K,3,0),0) -> 1388 | F39: MACRO
A40: 1856015BHHH11VT | B40: =IFERROR( VLOOKUP(A40,Hoja3!A:G,2,0),"0") -> 185 60 R15 BLACKHAWK HH11 VT 88H XL | C40: 14 | D40: =IFERROR(VLOOKUP(A40,CENTRAL!A:G,3,0),0) -> 0 | E40: =IFERROR(VLOOKUP(A40,MACRO!A:K,3,0),0) -> 4378 | F40: MACRO
A41: 1856015MEMR166 | B41: =IFERROR( VLOOKUP(A41,Hoja3!A:G,2,0),"0") -> 185 60 R15 MIRAGE MR-166 84H | C41: 100 | D41: =IFERROR(VLOOKUP(A41,CENTRAL!A:G,3,0),0) -> 0 | E41: =IFERROR(VLOOKUP(A41,MACRO!A:K,3,0),0) -> 3587 | F41: MACRO
A42: 1955015MEMR166 | B42: =IFERROR( VLOOKUP(A42,Hoja3!A:G,2,0),"0") -> 195 50 R15 MIRAGE MR-166 82V | C42: 6 | D42: =IFERROR(VLOOKUP(A42,CENTRAL!A:G,3,0),0) -> 1 | E42: =IFERROR(VLOOKUP(A42,MACRO!A:K,3,0),0) -> 378 | F42: MACRO
A43: 1955515MEMR166 | B43: =IFERROR( VLOOKUP(A43,Hoja3!A:G,2,0),"0") -> 195 55 R15 MIRAGE MR-166 85V | C43: 2 | D43: =IFERROR(VLOOKUP(A43,CENTRAL!A:G,3,0),0) -> 0 | E43: =IFERROR(VLOOKUP(A43,MACRO!A:K,3,0),0) -> 422 | F43: MACRO
A44: 1956015BHHH11VT | B44: =IFERROR( VLOOKUP(A44,Hoja3!A:G,2,0),"0") -> 195 60 R15 BLACKHAWK HH11 VT 88H | C44: 12 | D44: =IFERROR(VLOOKUP(A44,CENTRAL!A:G,3,0),0) -> 7 | E44: =IFERROR(VLOOKUP(A44,MACRO!A:K,3,0),0) -> 1669 | F44: MACRO
A45: 19515MEMR300CVT | B45: =IFERROR( VLOOKUP(A45,Hoja3!A:G,2,0),"0") -> 195 R15 MIRAGE MR300 VT (8) 106/104R | C45: 18 | D45: =IFERROR(VLOOKUP(A45,CENTRAL!A:G,3,0),0) -> 0 | E45: =IFERROR(VLOOKUP(A45,MACRO!A:K,3,0),0) -> 2166 | F45: MACRO
A46: 2055017BHHU01VT | B46: =IFERROR( VLOOKUP(A46,Hoja3!A:G,2,0),"0") -> 205 50 R17 BLACKHAWK HU01 VT 93W XL | C46: 2 | D46: =IFERROR(VLOOKUP(A46,CENTRAL!A:G,3,0),0) -> 0 | E46: =IFERROR(VLOOKUP(A46,MACRO!A:K,3,0),0) -> 118 | F46: MACRO
A47: 2055516MEMR166 | B47: =IFERROR( VLOOKUP(A47,Hoja3!A:G,2,0),"0") -> 205 55 R16 MIRAGE MR-166 91V | C47: 20 | D47: =IFERROR(VLOOKUP(A47,CENTRAL!A:G,3,0),0) -> 0 | E47: =IFERROR(VLOOKUP(A47,MACRO!A:K,3,0),0) -> 1341 | F47: MACRO
... A70: 3110515MEMRMT172 | B70: =IFERROR( VLOOKUP(A70,Hoja3!A:G,2,0),"0") -> 31X10.50 R15 MIRAGE MR-MT172 109Q LT | C70: 6 | D70: =IFERROR(VLOOKUP(A70,CENTRAL!A:G,3,0),0) -> 0 | E70: =IFERROR(VLOOKUP(A70,MACRO!A:K,3,0),0) -> 595 | F70: MACRO

Sheet CENTRAL
A1: 39635 | B1: 215 70 R15 COOPER COBRA RAD G/T 97T (P) | C1: 91 | D1: AUCOP | E1: Central | F1: 1897.99 | G1: 1731.37 | H1: 1685.93
A2: 12050050 | B2: BOBINAS FORRAJERA DE 40 KG 2000 MTS C-15 | C2: 1780 | D2: BOBIN | E2: Central | F2: 1078.35 | G2: 1078.35 | H2: 1078.35
A3: 3135140000 | B3: 195 65 R15 CONTINENTAL ULTRACONTAC 91H | C3: 275 | D3: AUCON | E3: Central | F3: 1577.24 | G3: 1438.77 | H3: 1401.01
A4: 3135180000 | B4: 195 55 R16 CONTINENTAL ULTRACONTAC 87V | C4: 86 | D4: AUCON | E4: Central | F4: 1974.67 | G4: 1801.31 | H4: 1754.03
A5: 3589240009 | B5: 195 65 R15 CONTINENTAL PREMIUMCONT 6 91H | C5: 20 | D5: AUCON | E5: Central | F5: 1745.93 | G5: 1592.66 | H5: 1550.85
A6: 4010120000 | B6: 235 75 R15 105S BARUM BRAVURIS AT | C6: 1 | D6: OFSIX | E6: Central | F6: 2369.41 | G6: 2287.21 | H6: 2215.29
A7: 4513490000 | B7: 205 70 R15 CONTINENTAL VANCONT AP 104R | C7: 1 | D7: AUCON | E7: Central | F7: 2794.19 | G7: 2548.89 | H7: 2481.99
A8: 4514640000 | B8: 215 85 R16 CONTINENTAL VANCONTAC AS 115/112Q | C8: 50 | D8: AUCON | E8: Central | F8: 3939.06 | G8: 3593.25 | H8: 3498.94
A9: 4514770000 | B9: 285 65 R16 CONTINENTAL VANCONTAC AS 131R | C9: 28 | D9: AUCON | E9: Central | F9: 5619.41 | G9: 5126.08 | H9: 4991.54
A10: 100085450 | B10: 215 70 R15 TORNEL ASTRAL 97H | C10: 1 | D10: AUTOR | E10: Central | F10: 1509.86 | G10: 1377.31 | H10: 1341.16
A11: 10025132 | B11: 7.00-15 TORNEL AMERICA MT(6) S/C | C11: 1 | D11: AUTOR | E11: Central | F11: 2254.78 | G11: 2056.83 | H11: 2002.85
A12: 10036593 | B12: 235 70 R16 TORNEL AT09 LN 104/101Q | C12: 15 | D12: AUTOR | E12: Central | F12: 2298.55 | G12: 2096.76 | H12: 2041.73
... A15: 10094240 | B15: 185 70 R14 TORNEL AMERICA AT-909 87S | C15: 1 | D15: AUTOR | E15: Central | F15: 1043.19 | G15: 951.6 | H15: 926.63
A16: 10094310T | B16: 195 70 R14 TORNEL AMERICA AT909 90T | C16: 1 | D16: OFERT | E16: Central | F16: 846.56 | G16: 846.56 | H16: 846.56
A17: 108805 | B17: 205 55 R16 GOODYEAR EAGLE SPORT 2 91V | C17: 140 | D17: AUGOO | E17: Central | F17: 1575.8 | G17: 1437.46 | H17: 1399.73
A18: 109941 | B18: 235 55 R18 GOODYEAR ASSURAN FINESSE 100H | C18: 81 | D18: AUGOO | E18: Central | F18: 2512.26 | G18: 2291.71 | H18: 2231.56
A19: 10A54223 | B19: 185 60 R14 TORNEL REAL 82H | C19: 38 | D19: AUTOR | E19: Central | F19: 1078.56 | G19: 983.88 | H19: 958.05
A20: 10A55343 | B20: 195 50 R15 TORNEL REAL 81V | C20: 58 | D20: AUTOR | E20: Central | F20: 1217.54 | G20: 1110.66 | H20: 1081.51
A21: 10A55353 | B21: 195 55 R15 TORNEL REAL 84V | C21: 19 | D21: AUTOR | E21: Central | F21: 1197.88 | G21: 1092.72 | H21: 1064.04
A22: 10A56440 | B22: 215 65 R16 TORNEL REAL 96H | C22: 4 | D22: AUTOR | E22: Central | F22: 1568.76 | G22: 1431.04 | H22: 1393.48
A23: 110325 | B23: 185 65 R14 GOODYEAR ASSURAN MAXLIFE 86H | C23: 1 | D23: AUGOO | E23: Central | F23: 1483.13 | G23: 1352.93 | H23: 1317.42
A24: 110540 | B24: 185 70 R13 GOODYEAR ASSURANCE MAXLIF 86T | C24: 93 | D24: AUGOO | E24: Central | F24: 1383.88 | G24: 1262.39 | H24: 1229.25
A25: 111381 | B25: 235 75 R15 GOODYEAR WORKHORSE AT 109S | C25: 49 | D25: AUGOO | E25: Central | F25: 2701.34 | G25: 2464.19 | H25: 2399.52
A26: 11225DSDSR768 | B26: 11R22.5 TRACCION DOUBLESTAR DSR768 (16) | C26: 10 | D26: OFERT | E26: Central | F26: 4128.82 | G26: 4128.82 | H26: 4128.82
A27: 11245AEHF82618C | B27: 11R24.5 MINERA AGATE HF826 (18) | C27: 56 | D27: OFERT | E27: Central | F27: 3235.72 | G27: 3235.72 | H27: 3235.72
A28: 11245MEMG82618C | B28: 11R24.5 MINERA MIRAGE MG826 (18) | C28: 2 | D28: OFECA | E28: Central | F28: 3642.02 | G28: 3545.76 | H28: 3449.49
A29: 115809 | B29: 255 70 R16 COOPER EVOLUTION ATT 111T | C29: 12 | D29: AUCOP | E29: Central | F29: 2779.23 | G29: 2535.24 | H29: 2468.7
A30: 115849 | B30: 205 70 R16 COOPER EVOLUTION SPORT 97H | C30: 118 | D30: AUCOP | E30: Central | F30: 1729.42 | G30: 1577.59 | H30: 1536.19
A31: 115852 | B31: 235 60 R17 COOPER EVOLUTION SPORT 102H | C31: 1 | D31: AUCOP | E31: Central | F31: 1932.13 | G31: 1762.51 | H31: 1716.25
A32: 13-MT-ZW33125020 | B32: 33X12.50 R20 ZWARTHZ ARIZONA MT 114Q LT | C32: 1 | D32: AUZTZ | E32: Central | F32: 2826.77 | G32: 2578.61 | H32: 2510.93
A33: 142448 | B33: 265 70 R17 GOODYEAR WORKHORSE AT2 LB 123R | C33: 403 | D33: AUGOO | E33: Central | F33: 3171.34 | G33: 2892.93 | H33: 2817
A34: 14705100 | B34: 11R22.5 DIRECCION FIRESTONE FS591 (16) | C34: 99 | D34: CAMNE | E34: Central | F34: 7900.3 | G34: 7900.3 | H34: 7900.3
A35: 14706100 | B35: 11R24.5 DIRECCION FIRESTONE FS591 (16) | C35: 68 | D35: CAMNE | E35: Central | F35: 8143.14 | G35: 8143.14 | H35: 8143.14
A36: 15409560000 | B36: 185 70 R14 BARUM BRAVURIS 5HM 88H | C36: 1 | D36: OFERP | E36: Central | F36: 951.06 | G36: 951.06 | H36: 951.06
A37: 15409620000 | B37: 175 65 R14 BARUM BRAVURIS 5HM 82T | C37: 3 | D37: OFERP | E37: Central | F37: 863.97 | G37: 863.97 | H37: 863.97
A38: 15409670000 | B38: 185 60 R14 BARUM BRAVURIS 5HM 82H | C38: 1 | D38: OFERP | E38: Central | F38: 999.54 | G38: 999.54 | H38: 999.54
A39: 15508610000 | B39: 205 55 R16 CONTINENTAL POWERCONTACT2 91V | C39: 141 | D39: AUCON | E39: Central | F39: 1537.11 | G39: 1402.17 | H39: 1365.37
A40: 1557013BHHH11VT | B40: 155 70 R13 BLACKHAWK HH11 VT 75T | C40: 376 | D40: OFERT | E40: Central | F40: 443.78 | G40: 443.78 | H40: 443.78
A41: 1557013COMPBLAHP | B41: 155 70 R13 COMPASAL BLAZER HP 75T | C41: 1 | D41: OFERP | E41: Central | F41: 450.59 | G41: 450.59 | H41: 450.59
A42: 1557013KNHD918 | B42: 155 70 R13 KAPSEN HD918 75T (4) | C42: 1 | D42: AUKAP | E42: Central | F42: 572.8 | G42: 522.51 | H42: 508.8
A43: 1557013WNR380 | B43: 155 70 R13 WINRUN R380 75T | C43: 1 | D43: OFERT | E43: Central | F43: 572.7 | G43: 572.7 | H43: 572.7
A44: 15572240000 | B44: 195 65 R15 CONTINENTAL POWERCONTACT2 91H | C44: 97 | D44: AUCON | E44: Central | F44: 1568.94 | G44: 1431.21 | H44: 1393.64
A45: 1656014ATLASGREN | B45: 165 60 R14 ATLAS GREEN 75H | C45: 9 | D45: OFERT | E45: Central | F45: 606.01 | G45: 606.01 | H45: 606.01
A46: 1656014MEMR166 | B46: 165 60 R14 MIRAGE MR-166 75H | C46: 1 | D46: AUMIR | E46: Central | F46: 541.58 | G46: 494.04 | H46: 481.07
A47: 1656014WNR380 | B47: 165 60 R14 WINRUN R380 75H | C47: 1 | D47: OFERP | E47: Central | F47: 506.47 | G47: 506.47 | H47: 506.47
A48: 1656514DHRHAODMX | B48: 165 65 R14 DOHVAN RHAOD 72T | C48: 30 | D48: OFERT | E48: Central | F48: 602.82 | G48: 602.82 | H48: 602.82
A49: 1656514LLGRMAXET | B49: 165 65 R14 LINGLONG GREEN MAX ET 79T | C49: 1 | D49: OFERT | E49: Central | F49: 537.24 | G49: 537.24 | H49: 537.24
A50: 1656514PSTOURASV | B50: 165 65 R14 PEGASUS TOUR AS VT 79H | C50: 150 | D50: AUPEG | E50: Central | F50: 617.43 | G50: 563.22 | H50: 548.44
A51: 1657012MEMR162 | B51: 165 70 R12 MIRAGE MR-162 77T | C51: 15 | D51: OFERP | E51: Central | F51: 485 | G51: 485 | H51: 485
A52: 1657014BHHH11VT | B52: 165 70 R14 BLACKHAWK STREET HH11 VT 81T | C52: 831 | D52: AUBHK | E52: Central | F52: 691.39 | G52: 630.69 | H52: 614.14
A53: 1756015BHHH11VT | B53: 175 60 R15 BLACKHAW HH11 VT 81H | C53: 526 | D53: AUBHK | E53: Central | F53: 765.33 | G53: 698.14 | H53: 679.81
A54: 1756514BHHH11VT | B54: 175 65 R14 BLACKHAWK HH11 VT 86T XL | C54: 396 | D54: OFTRE | E54: Central | F54: 653.5 | G54: 637.64 | H54: 620.02
A55: 1756514DHRHAODMX | B55: 175 65 R14 DOHVAN RHAOD 82T | C55: 40 | D55: OFERT | E55: Central | F55: 609.55 | G55: 609.55 | H55: 609.55
A56: 1756514MAZZIE307 | B56: 175 65 R14 MAZZINI ECO307 82H | C56: 1 | D56: OFERT | E56: Central | F56: 653.91 | G56: 653.91 | H56: 653.91
... A115: 1957516MEMR200CV | B115: 195 75 R16 MIRAGE MR200 VT 107/105R | C115: 1 | D115: AUMIR | E115: Central | F115: 1204.1 | G115: 1098.39 | H115: 1069.57
A116: 20000632 | B116: 235 75 R15 LANVIGATOR VALIANT AT 109S | C116: 1228 | D116: AULAN | E116: Central | F116: 1497.34 | G116: 1365.89 | H116: 1330.04
A117: 20000641 | B117: 275 55 R20 LANVIGATOR VALIANT AT 117T (4) | C117: 36 | D117: AULAN | E117: Central | F117: 2313.04 | G117: 2109.98 | H117: 2054.6
A118: 20000643 | B118: 275 65 R18 LANVIGATOR VALIANT AT 116T | C118: 142 | D118: AULAN | E118: Central | F118: 2275.45 | G118: 2075.69 | H118: 2021.21
A119: 20000679 | B119: 215 85 R16 LANVIGATOR BANGER HT 115/112S (10) | C119: 104 | D119: AULAN | E119: Central | F119: 1605.09 | G119: 1464.18 | H119: 1425.75
A120: 20000681 | B120: 235 80 R17 LANVIGATOR BANGER HT 120/117S (10) | C120: 248 | D120: AULAN | E120: Central | F120: 1893.54 | G120: 1727.31 | H120: 1681.97
A121: 20000682 | B121: 235 85 R16 LANVIGATOR BANGER HT 120/116S (10) | C121: 50 | D121: AULAN | E121: Central | F121: 2009.81 | G121: 1833.37 | H121: 1785.25
A122: 20000730 | B122: 175 65 R14 LANVIGATOR FASTONE 86T | C122: 276 | D122: AULAN | E122: Central | F122: 656.57 | G122: 598.93 | H122: 583.21
A123: 20000732 | B123: 175 70 R13 LANVIGATOR FASTONE 82T | C123: 2974 | D123: OFSIX | E123: Central | F123: 517.7 | G123: 499.74 | H123: 484.02
A124: 20000738 | B124: 185 65 R15 LAVIGATOR FASTONE 88H | C124: 886 | D124: AULAN | E124: Central | F124: 766.84 | G124: 699.52 | H124: 681.16
A125: 20000747 | B125: 205 60 R15 LANVIGATOR FASTONE 91V | C125: 164 | D125: AULAN | E125: Central | F125: 953.53 | G125: 869.82 | H125: 846.99
A126: 20000753 | B126: 205 70 R16 LANVIGATOR FASTONE 97H | C126: 121 | D126: AULAN | E126: Central | F126: 1106.4 | G126: 1009.27 | H126: 982.78
A127: 20000760 | B127: 215 70 R16 LANVIGATOR FASTONE 100H | C127: 126 | D127: AULAN | E127: Central | F127: 1189.1 | G127: 1084.71 | H127: 1056.24
... A146: 20002482 | B146: 255 70 R17 LANVIGATOR FLAIR 112H | C146: 74 | D146: AULAN | E146: Central | F146: 1637.67 | G146: 1493.9 | H146: 1454.69
A147: 20514MAXTREK800 | B147: 205 R14 MAXTREK SU-800 107/105Q | C147: 1 | D147: OFERT | E147: Central | F147: 1163.95 | G147: 1163.95 | H147: 1163.95
A148: 2054017BHHU01VT | B148: 205 40 R17 BLACKHAWK HU01 VT 84W XL | C148: 186 | D148: AUBHK | E148: Central | F148: 945.61 | G148: 862.59 | H148: 839.95
A149: 2054516BHHU71VT | B149: 205 45 R16 BLACKHAWK HU71 VT 87W XL | C149: 486 | D149: AUBHK | E149: Central | F149: 840.15 | G149: 766.39 | H149: 746.28
A150: 2054517PIRCINTP7 | B150: 205 45 R17 PIRELLI CINTURATO P7 88W XL | C150: 3 | D150: OFERT | E150: Central | F150: 2540.48 | G150: 2540.48 | H150: 2540.48
A151: 2055016BHHH11VT | B151: 205 50 R16 BLACKHAWK HH11 VT 87H | C151: 1 | D151: AUBHK | E151: Central | F151: 968.2 | G151: 883.2 | H151: 860.02
A152: 2055017BHHH11VT | B152: 205 50 R17 BLACKHAWK HH11 VT 89V | C152: 288 | D152: AUBHK | E152: Central | F152: 1018.2 | G152: 928.81 | H152: 904.43
A153: 2055017FRF6000ML | B153: 205 50 R17 FULLRUN F6000 ML 93W XL | C153: 8 | D153: OFERT | E153: Central | F153: 803.5 | G153: 803.5 | H153: 803.5
A154: 2055017PSHPXSPAV | B154: 205 50 R17 PEGASUS HPX SPORT AS VT 93W | C154: 16 | D154: OFERT | E154: Central | F154: 809.81 | G154: 809.81 | H154: 809.81
A155: 2055017WNR330 | B155: 205 50 R17 WINRUN R330 89W | C155: 1 | D155: OFERP | E155: Central | F155: 989.42 | G155: 989.42 | H155: 989.42
A156: 2055516BHHH11VT | B156: 205 55 R16 BLACKHAWK HH11 VT 91H | C156: 380 | D156: AUBHK | E156: Central | F156: 921.68 | G156: 840.76 | H156: 818.7
A157: 2055516BHHH11VTV | B157: 205 55 R16 BLACKHAWK HH11 VT 94V XL | C157: 1 | D157: OFEMD | E157: Central | F157: 875.84 | G157: 831.42 | H157: 809.21
A158: 2055516BHHHU71VT | B158: 205 55 R16 BLACKHAWK HU71 VT 91W | C158: 101 | D158: AUBHK | E158: Central | F158: 951.44 | G158: 867.91 | H158: 845.13
... A228: 2158516PSHTXASVL | B228: 215 85 R16 PEGASUS HTX AS VT 115/112S LT | C228: 69 | D228: AUPEG | E228: Central | F228: 1663.35 | G228: 1517.32 | H228: 1477.5
A229: 2207013 | B229: 205 65 R15 KUMHO KH27 94V | C229: 2 | D229: AUMHO | E229: Central | F229: 1517.24 | G229: 1384.04 | H229: 1347.71
A230: 2210803 | B230: 195 R15 KUMHO KC53 (8) 106R | C230: 1 | D230: AUMHO | E230: Central | F230: 1865.96 | G230: 1702.15 | H230: 1657.47
A231: 2253520BHHU71VT | B231: 225 35 R20 BLACKHAWK HU71 VT 90Y XL | C231: 10 | D231: AUBHK | E231: Central | F231: 1397.93 | G231: 1275.2 | H231: 1241.73
A232: 2254018AEAG662 | B232: 225 40 R18 AGATE AG-662 92W XL | C232: 1 | D232: OFERT | E232: Central | F232: 969.21 | G232: 969.21 | H232: 969.21
A233: 2254018ATLASSPGR | B233: 225 40 R18 ATLAS SPORT GREEN 92W | C233: 1 | D233: OFERT | E233: Central | F233: 1016.47 | G233: 1016.47 | H233: 1016.47
A234: 2254018BHHU01VT | B234: 225 40 R18 BLACKHAWK HU01 VT 92W XL | C234: 151 | D234: AUBHK | E234: Central | F234: 1123.36 | G234: 1024.74 | H234: 997.84
A235: 2254018BHHU02VT | B235: 225 40 R18 BLACKHAWK HU02 VT 92W XL | C235: 6 | D235: AUBHK | E235: Central | F235: 1115.45 | G235: 1017.53 | H235: 990.82
A236: 2254018MEMR882VT | B236: 225 40 R18 MIRAGE MR-882 VT 92W XL | C236: 94 | D236: AUMIR | E236: Central | F236: 1178.05 | G236: 1074.63 | H236: 1046.43
A237: 2254517BHHH11VT | B237: 225 45 R17 BLACKHAWK HH11 VT 91V | C237: 573 | D237: AUBHK | E237: Central | F237: 1055.08 | G237: 962.45 | H237: 937.19
A238: 2254518BHHH11VT | B238: 225 45 R18 BLACKHAWK HH11 VT 95W XL | C238: 438 | D238: AUBHK | E238: Central | F238: 1221.12 | G238: 1113.92 | H238: 1084.69
A239: 2254518BHHU01VT | B239: 225 45 R18 BLACKHAWK HU01 VT 95W XL | C239: 359 | D239: AUBHK | E239: Central | F239: 1256.04 | G239: 1145.78 | H239: 1115.7
A240: 2254518DHPHASION | B240: 225 45 R18 DOHVAN PHASION 95Y XL | C240: 14 | D240: OFERT | E240: Central | F240: 1157.07 | G240: 1157.07 | H240: 1157.07
A241: 2254518HAHD921 | B241: 225 45 R18 HAIDA HD921 95W XL | C241: 122 | D241: AUHAI | E241: Central | F241: 1251.88 | G241: 1141.98 | H241: 1112
A242: 2254518MEMR182 | B242: 225 45 R18 MIRAGE MR-182 95W | C242: 4 | D242: AUMIR | E242: Central | F242: 1184.42 | G242: 1080.44 | H242: 1052.09
... A284: 2257516MEMRHT172 | B284: 225 75 R16 MIRAGE MR-HT172(10) 112S LT | C284: 1 | D284: AUMIR | E284: Central | F284: 1770.47 | G284: 1615.04 | H284: 1572.65
A285: 2337303 | B285: 185 70 R13 KUMHO ES31 86T | C285: 8 | D285: AUMHO | E285: Central | F285: 1047.58 | G285: 955.61 | H285: 930.53
A286: 2342383 | B286: 175 70 R14 KUMHO ES31 84T | C286: 28 | D286: AUMHO | E286: Central | F286: 999.66 | G286: 911.9 | H286: 887.96
A287: 2342393 | B287: 185 70 R14 KUMHO ES31 88T | C287: 32 | D287: AUMHO | E287: Central | F287: 1104.89 | G287: 1007.89 | H287: 981.44
A288: 2354018BHHU01VT | B288: 235 40 R18 BLACKHAWK HU01 VT 95W XL | C288: 117 | D288: AUBHK | E288: Central | F288: 1294.65 | G288: 1180.99 | H288: 1149.99
...

Sheet MACRO
A1: 100016FRQH621 | B1: 10.00-16 F2 FORERUNNER QH621 (10) AGRO | C1: 7 | D1: AGERU | E1: MACRO CEDIS | F1: 2234.32 | G1: 2146.04 | H1: 2057.76
A2: 1115BPH661 | B2: 11L15 F3 BROADPEAK H661 IND (12) | C2: 20 | D2: INBRO | E2: MACRO CEDIS | F2: 1852.41 | G2: 1779.22 | H2: 1706.03
A3: 1115BPH663 | B3: 11L15 I-1 BROADPEAK H663 (12) AGRO | C3: 28 | D3: AGBRO | E3: MACRO CEDIS | F3: 1572.86 | G3: 1510.71 | H3: 1448.57
A4: 11225AMAD507 | B4: 11R22.5 TRACCION AMULET AD507 (16) | C4: 1 | D4: CAMET | E4: MACRO CEDIS | F4: 4798.46 | G4: 4675.21 | H4: 4510.88
A5: 11225AMAF50818C | B5: 11R22.5 DIRECCION AMULET AF508 (18) | C5: 574 | D5: CAMET | E5: MACRO CEDIS | F5: 4349.18 | G5: 4237.47 | H5: 4088.53
A6: 11225BHBDL71 | B6: 11R22.5 TRACCION BLACKHAWK BDL71 (16) | C6: 221 | D6: CAMBK | E6: MACRO CEDIS | F6: 4424.67 | G6: 4311.02 | H6: 4159.49
A7: 11225BHBFR55FST | B7: 11R22.5 DIRECCION BLACKHAWK BFR55-FST (16) | C7: 140 | D7: CAMBK | E7: MACRO CEDIS | F7: 3692.72 | G7: 3597.87 | H7: 3471.41
A8: 11225HRY77918C | B8: 11R22.5 MINERA HAPPY ROAD Y779 (18) | C8: 293 | D8: OFECA | E8: MACRO CEDIS | F8: 3604.22 | G8: 3508.96 | H8: 3413.69
A9: 11225MEMG11118C | B9: 11R22.5 DIRECCION MIRAGE MG111 (18) | C9: 1514 | D9: OFECA | E9: MACRO CEDIS | F9: 3011.09 | G9: 2931.51 | H9: 2851.92
A10: 11225MEMG31218C | B10: 11R22.5 TRACCION MIRAGE MG312 (18) | C10: 316 | D10: CAMMR | E10: MACRO CEDIS | F10: 3439.44 | G10: 3351.1 | H10: 3233.31
A11: 11225MEMG70218C | B11: 11R22.5 MIXTA MIRAGE MG702 (18) | C11: 38 | D11: OFECA | E11: MACRO CEDIS | F11: 3454.55 | G11: 3363.24 | H11: 3271.93
A12: 11225STTITANTR18 | B12: 11R22.5 TRACCION SURETRAC TITAN TRACK (18) | C12: 40 | D12: CAMSC | E12: MACRO CEDIS | F12: 3474.53 | G12: 3385.29 | H12: 3266.3
... A531: FRON-2EFW061F | B531: 225 55 R17 FRONWAY EURUS 08 101W XL | C531: 2 | D531: OFERP | E531: MACRO CEDIS | F531: 1057.61 | G531: 1057.61 | H531: 1057.61
